{"schemaVersion":"1.0","appDefinitionTemplate":{"id":"/providers/Microsoft.PowerApps/apps/","type":"Microsoft.PowerApps/apps","tags":{"primaryDeviceWidth":"640","primaryDeviceHeight":"1136","supportsPortrait":"true","supportsLandscape":"false","primaryFormFactor":"Phone","publisherVersion":"3.22122.15","minimumRequiredApiVersion":"2.2.0","hasComponent":"false","hasUnlockedComponent":"false","isUnifiedRootApp":"false","sienaVersion":"20230110T212528Z-3.22122.15.0"},"properties":{"appVersion":"2023-01-10T21:25:28Z","lifeCycleId":"Published","createdByClientVersion":{"major":3,"minor":22122,"build":15,"revision":0,"majorRevision":0,"minorRevision":0},"minClientVersion":{"major":3,"minor":22122,"build":15,"revision":0,"majorRevision":0,"minorRevision":0},"backgroundColor":"RGBA(0,176,240,1)","backgroundImageUri":"/10620961779518237988/Ne375ea84-a5c7-468f-9645-b6c1655e667e-logoSmallFile","displayName":"Help Desk_1921","description":"","commitMessage":"","appUris":{"documentUri":{"value":"/10620961779518237988/N6dcf3a82-3a7b-4723-89d0-a7ebc703f42e-document.msapp"},"imageUris":[],"additionalUris":[]},"createdTime":"0001-01-01T00:00:00Z","lastModifiedTime":"0001-01-01T00:00:00Z","sharedGroupsCount":0,"sharedUsersCount":0,"icons":{"smallIconUri":"/10620961779518237988/N6f3e1b8d-ff35-4efc-83a9-ffcbde766362-small.png","mediumIconUri":"/10620961779518237988/Ne04b2f87-e556-4b35-821b-dcbbbaec7ea8-medium.png","largeIconUri":"/10620961779518237988/N76799dc9-44da-4ae5-81c9-89d10901674a-large.png","wideIconUri":"/10620961779518237988/Ncb4bb1e6-b0d3-4175-9439-7a8efca747d7-wide.png"},"connectionReferences":{"ff18bc1f-8075-4e48-b5f1-63a22b275810":{"id":"224e841d-d93d-43cb-bec3-a217f0cde2cf","displayName":"Office 365 Users","iconUri":"https://connectoricons-prod.azureedge.net/releases/v1.0.1611/1.0.1611.3104/office365users/icon.png","dataSources":["Office365Users"],"dependencies":[],"dependents":[],"parameterHints":{},"parameterHintsV2":{},"isOnPremiseConnection":false,"bypassConsent":false,"dataSets":{},"apiTier":"Standard","isCustomApiConnection":false,"actions":["MyProfile","SearchUser"]}},"databaseReferences":{},"almMode":"Environment","performanceOptimizationEnabled":true,"canConsumeAppPass":true,"enableModernRuntimeMode":false,"executionRestrictions":{"isTeamsOnly":false,"dataLossPreventionEvaluationResult":{"status":"Compliant","lastEvaluationDate":"2023-01-10T19:23:21.4709945Z","violations":[],"violationsByPolicy":[],"violationErrorMessage":"The app uses the following connectors: shared_office365users."}}},"appType":"ClassicCanvasApp","appComponents":[]}}